わざ,タイプ,いりょく,めいちゅう,PP,ぶんるい,接触/非接触,効果
あくび,ノーマル,-,-,10,変化,非接触,次のターンに相手をねむり状態にする。
あさのひざし,ノーマル,-,-,5,変化,非接触,"天気が通常の時は最大HPの1/2、晴れ状態の時は最大HPの2/3、
それ以外の時は最大HPの1/4回復する。"
アンコール,ノーマル,-,100,5,変化,非接触,相手が直前に出した技を3回続けて出させる。
いたみわけ,ノーマル,-,-,20,変化,非接触,自分のHPと相手のHPを足して半分ずつに分ける。
いばる,ノーマル,-,85,15,変化,非接触,相手を1～4ターンの間こんらん状態にする。相手の攻撃を2段階上げる。
いやなおと,ノーマル,-,85,40,変化,非接触,相手の防御を2段階下げる。相手の「みがわり」状態を貫通する。
うたう,ノーマル,-,55,15,変化,非接触,相手をねむり状態にする。相手の「みがわり」状態を貫通する。
えんまく,ノーマル,-,100,20,変化,非接触,相手の命中率を1段階下げる。
おさきにどうぞ,ノーマル,-,-,15,変化,非接触,受けた相手は自分の行動の後に続けて行動する。
おたけび,ノーマル,-,100,30,変化,非接触,相手の攻撃と特攻を1段階下げる。相手の「みがわり」状態を貫通する。
かげぶんしん,ノーマル,-,-,15,変化,非接触,自分の回避率を1段階上げる。
かたくなる,ノーマル,-,-,30,変化,非接触,自分の防御を1段階上げる。
かなしばり,ノーマル,-,100,20,変化,非接触,相手が直前に出した技を4ターンの間使えなくする。
からをやぶる,ノーマル,-,-,15,変化,非接触,自分の防御と特防を1段階下げ、攻撃と特攻と素早さを2段階上げる。
きあいだめ,ノーマル,-,-,30,変化,非接触,自分の攻撃が急所に当たりやすくなる。
くすぐる,ノーマル,-,100,20,変化,非接触,	相手の『こうげき』『ぼうぎょ』ランクを1段階ずつ下げる。
くろいまなざし,ノーマル,-,-,5,変化,非接触,"『ゴースト』タイプではない相手は逃げたり、交代できなくなる。
自分が場を離れると効果は消える。"
こらえる,ノーマル,-,-,10,変化,非接触,"必ず先制できる(優先度:+4)。そのターンに『ひんし』状態になる攻撃を
受けてもHPが1残る。連続で使うと失敗しやすくなる。"
こわいかお,ノーマル,-,100,10,変化,非接触,相手の『すばやさ』ランクを2段階下げる。
さいきのいのり,ノーマル,-,-,1,変化,非接触,手持ちの『ひんし』状態のポケモンを、最大HPの半分だけ回復させる。
しっぽぎり,ノーマル,-,-,10,変化,非接触,"自分のHPを最大HPの半分だけ減らして『みがわり』状態となり、
『みがわり』状態のまま手持ちのポケモンに入れ替わる。
『みがわり』のHPは最大HPの1/4になる。"
しっぽをふる,ノーマル,-,-,30,変化,非接触,	相手の『ぼうぎょ』ランクを1段階下げる。
しんぴのまもり,ノーマル,-,-,25,変化,非接触," 5ターンの間、自分と味方のポケモンは状態異常にならなくなる。
交代しても効果は続く。"
じこあんじ,ノーマル,-,-,10,変化,非接触,相手の能力ランクの変化を、すべて自分にコピーする。
じこさいせい,ノーマル,-,-,5,変化,非接触,HPが最大HPの半分回復する。
せいちょう,ノーマル,-,-,20,変化,非接触,"自分の『こうげき』『とくこう』ランクが1段階ずつ上がる。
天気が『にほんばれ』の時は、2段階ずつ上がる。"
たくわえる,ノーマル,-,-,20,変化,非接触,"自分の『ぼうぎょ』『とくぼう』ランクを1段階ずつ上げる。
技『のみこむ』『はきだす』の効果を上げる。3回までたくわえることができる。"
ちいさくなる,ノーマル,-,-,10,変化,非接触,"自分の回避率を2段階上げる。ただし、技『サンダーダイブ』『のしかかり』
『ふみつけ』『ドラゴンダイブ』『ハードローラー』『ハイパーダーククラッシャー』
『フライングプレス』『ヒートスタンプ』『ヘビーボンバー』は必ず命中し、
威力2倍で受けるようになってしまう"
ちょうおんぱ,ノーマル,-,55,20,変化,非接触,"相手を1～4ターンの間『こんらん』状態にする。音系の技。
相手の『みがわり』状態を貫通する。"
つぼをつく,ノーマル,-,-,30,変化,非接触,"ランダムで『こうげき』『ぼうぎょ』『とくこう』『とくぼう』『すばやさ』『回避率』
『命中率』ランクのどれか1つが2段階上がる。
この技は『ダイウォール』の効果も受けない。"
つるぎのまい,ノーマル,-,-,20,変化,非接触,	自分の『こうげき』ランクを2段階上げる。
ないしょばなし,ノーマル,-,-,20,変化,非接触,"相手の『とくこう』ランクを1段階下げる。自分の命中率、
相手の回避率に関係なく必ず命中する。相手の『まもる』『みきり』『トーチカ』
『ニードルガード』『ブロッキング』『スレッドトラップ』『かえんのまもり』
の効果を受けない(『ダイウォール』を除く)。音系の技。相手の『みがわり』状態を貫通する。"
なかまづくり,ノーマル,-,100,15,変化,非接触,相手の特性を自分と同じ特性にする。ダイマックスしている相手には無効。
なまける,ノーマル,-,-,5,変化,非接触,        HPが最大HPの半分回復する。
にらみつける,ノーマル,-,-,10,変化,非接触,相手の『ぼうぎょ』ランクを1段階下げる。
ねがいごと,ノーマル,-,-,10,変化,非接触,"次のターンの終了時にHPが最大HPの半分回復する。
交代した場合は同じ位置にいるポケモンが回復する。"
ねごと,ノーマル,-,-,10,変化,非接触,"	自分が『ねむり』状態の時のみ使用可能。
自分の持っている技のうち1つをランダムで使う。PPが減少するのはこの技のみ。"
ハッピータイム,ノーマル,-,-,30,変化,非接触,	戦闘後に得られる賞金が2倍になる。
はねる,ノーマル,-,-,40,変化,非接触,何も起こらない。
はらだいこ,ノーマル,-,-,10,変化,非接触,自分のHPを最大HPの半分だけ減らす代わりに、自分の『こうげき』ランクを最大まで上げる。
バトンタッチ,ノーマル,-,-,40,変化,非接触,他の味方のポケモンと交代し、かかっていた補助効果を引き継ぐ。
フラフラダンス,ノーマル,-,100,20,変化,非接触,	相手を1～4ターンの間『こんらん』状態にする。
ふるいたてる,ノーマル,-,-,30,変化,非接触,自分の『こうげき』『とくこう』ランクが1段階ずつ上がる。
ほえる,ノーマル,-,-,30,変化,非接触,"必ず後攻になる(優先度:-6)。相手のポケモンを強制的に交代させる。
野生のポケモンの場合は戦闘を終了する。自分の命中率、相手の回避率に関係なく必ず命中する。
相手の『まもる』『みきり』『トーチカ』『ニードルガード』『ブロッキング』『スレッドトラップ』
『かえんのまもり』の効果を受けない。相手の『みがわり』状態を貫通する。
ダイマックスしている相手には無効。野生のポケモンの場合、
相手が自分のレベルより高い場合は失敗する。"
ほおばる,ノーマル,-,-,10,変化,非接触,"	自分が持っている『きのみ』を即座に使って効果を発動させ、
さらに自分の『ぼうぎょ』ランクを2段階上げる。"
まねっこ,ノーマル,-,-,20,変化,非接触,"最後に使われた技で相手に攻撃する。自分の技も対象となる。
最後の技がダイマックス技の場合、元となった技が使われる。"
まもる,ノーマル,-,-,10,変化,非接触,"必ず先制でき(優先度:+4)、そのターンの間、相手の技を受けない。
連続で使うと失敗しやすくなる。
ダイマックス技や第7世代のZワザの攻撃技は貫通し、1/4のダメージを受ける。"
みがわり,ノーマル,-,-,10,変化,非接触,"自分のHPを最大HPの1/4だけ減らして分身を作り、
分身のHPが0になるまですべての攻撃を自分の代わ
りに分身が受ける。音系の技などはそのまま受ける。
分身は状態異常にならない。"
ミルクのみ,ノーマル,-,-,5,変化,非接触,HPが最大HPの半分回復する。
みをけずる,ノーマル,-,-,10,変化,非接触,"自分のHPを最大HPの半分だけ減らす代わりに、
自分の『こうげき』『とくこう』『すばやさ』ランクが2段階ずつ上がる。"
ゆびをふる,ノーマル,-,-,10,変化,非接触,ほぼすべての技の中からランダムで1つ使う。
ロックオン,ノーマル,-,-,5,変化,非接触,次のターン、使った相手に自分の技が必ず命中する。
あばれる,ノーマル,120,100,10,物理,接触,2～3ターン連続で攻撃し、その後自分は1～4ターンの間『こんらん』状態になる。
いかりのまえば,ノーマル,-,90,10,物理,接触,"相手のHPを残りHPの半分にする。
『ゴースト』タイプには無効だが、それ以外のタイプ相性の影響を受けない。"
かいりき,ノーマル,80,100,15,物理,接触,	通常攻撃。
かたきうち,ノーマル,70,100,5,物理,接触,	前のターンに味方のポケモンが倒されていると威力が2倍になる。
からげんき,ノーマル,70,100,20,物理,接触,"自分が『どく』『まひ』『やけど』状態の時、威力が2倍になる。
『やけど』による『こうげき』の半減の影響を受けない。"
がむしゃら,ノーマル,-,100,5,物理,接触,"相手の残りHPから自分の残りHPを引いた分のダメージを与える。
『ゴースト』タイプには無効だが、それ以外のタイプ相性の影響を受けない。"
きりさく,ノーマル,70,100,20,物理,接触,	急所に当たりやすい(急所ランク:+1)。
ギガインパクト,ノーマル,150,90,5,物理,接触,使用した次のターンは行動できない。
こうそくスピン,ノーマル,50,100,40,物理,接触,"自分が受けている技『うずしお』『からではさむ』『サンダープリズン』『しめつける』『すなじごく』
『トラバサミ』『ほのおのうず』『マグマストーム』『まきつく』『やどりぎのタネ』
および自分の場の『ステルスロック』『どくびし』『まきびし』『ねばねばネット』の効果を解除する。
第8世代からは、攻撃後、100%の確率で自分の『すばやさ』ランクが1段階上がる。"
しめつける,ノーマル,15,85,20,物理,接触,"4～5ターンの間、毎ターン終了後最大HPの1/8のダメージを与え、
その間『ゴースト』タイプではない相手は逃げたり交代できない。"
しんそく,ノーマル,80,100,5,物理,接触,必ず先制できる(優先度:+2)。
じたばた,ノーマル,-,100,15,物理,接触,自分の残りHPが少ないほど威力が高くなる。(威力は20～200)
じばく,ノーマル,200,100,5,物理,非接触,攻撃後、自分が『ひんし』状態になる。
すてみタックル,ノーマル,120,100,15,物理,接触,相手に与えたダメージの33%を自分も受ける。
ずつき,ノーマル,70,100,15,物理,接触,30%の確率で相手をひるませる。
たいあたり,ノーマル,40,100,35,物理,接触,	通常攻撃。
ダブルアタック,ノーマル,35,90,10,物理,接触,1ターンに2回連続で攻撃する。
でんこうせっか,ノーマル,40,100,30,物理,接触,必ず先制できる(優先度:+1)。
とっしん,ノーマル,90,85,20,物理,接触,相手に与えたダメージの1/4を自分も受ける。
ねこだまし,ノーマル,40,100,10,物理,接触,必ず先制でき(優先度:+3)、100%の確率で相手をひるませる。ただし、出た最初のターンしか成功しない。
のしかかり,ノーマル,85,100,15,物理,接触,"30%の確率で相手を『まひ』状態にする。
相手が技『ちいさくなる』を使用していると必ず命中し、威力が2倍になる。"
ハサミギロチン,ノーマル,-,30,5,物理,接触,"相手を『ひんし』状態にする。相手のレベルが自分より高いと失敗する。
(30＋自分のレベル－相手のレベル)が命中率になる。
『ゴースト』タイプには無効だが、それ以外のタイプ相性の影響を受けない。
ダイマックスしている相手には無効。"
フェイント,ノーマル,30,100,10,物理,接触,"必ず先制できる(優先度:+2)。相手が技『まもる』『みきり』『たたみがえし』『トーチカ』
『キングシールド』『ニードルガード』『ブロッキング』『スレッドトラップ』『かえんのまもり』
『ファストガード』『ワイドガード』をしている場合は、その効果を解除して攻撃できる
(使用していない場合は通常攻撃)。『ダイウォール』は解除はできないが、貫通する。"
ふみつけ,ノーマル,65,100,20,物理,接触,"30%の確率で相手をひるませる。相手が技『ちいさくなる』を使用していると必ず命中し、
威力が2倍になる。"
ほしがる,ノーマル,60,100,25,物理,接触,"相手が持っている道具を自分の物にする。自分が既に道具を持っている場合は失敗するが、
技『はたきおとす』で自分の道具が無効化されている時は奪う事ができ、道具は上書きされる。
トレーナー戦の場合はバトル終了後になくなる。"
みだれづき,ノーマル,15,85,20,物理,接触,1ターンに2～5回連続で攻撃する。
わるあがき,ノーマル,50,-,1,物理,接触,"すべての技のPPが0になる等して使える技がなくなると使える。自分の最大HPの1/4を自分も受ける。
『タイプ』に関係なくダメージを与える。"
いびき,ノーマル,50,100,15,特殊,非接触,"	自分が『ねむり』状態の時のみ使用可能。30%の確率で相手をひるませる。音系の技。
相手の『みがわり』状態を貫通する。"
ウェザーボール,ノーマル,50,100,10,特殊,非接触,"天気が『にほんばれ』の時は『ほのお』タイプ、『あめ』の時は『みず』タイプ、『ゆき』の時は
『こおり』タイプ、『すなあらし』の時は『いわ』タイプになり、威力が2倍になる。
ダイマックス技や第7世代のZワザもタイプが変わる。"
エコーボイス,ノーマル,40,100,15,特殊,非接触,"毎ターン、誰かが技『エコーボイス』を使う度に威力が高くなっていく。音系の技。
相手の『みがわり』状態を貫通する。"
さわぐ,ノーマル,90,100,10,特殊,非接触,"	3ターン連続で攻撃し、その間はすべてのポケモンが『ねむり』状態にならない。音系の技。
相手の『みがわり』状態を貫通する。"
スピードスター,ノーマル,60,-,20,特殊,非接触,自分の命中率、相手の回避率に関係なく必ず命中する。
ハイパーボイス,ノーマル,90,100,10,特殊,非接触,音系の技。相手の『みがわり』状態を貫通する。
はかいこうせん,ノーマル,150,90,5,特殊,非接触,	使用した次のターンは行動できない。
ばくおんぱ,ノーマル,140,100,10,特殊,非接触,音系の技。相手の『みがわり』状態を貫通する。
はいすいのじん,かくとう,-,-,5,変化,非接触,"自分のすべての『のうりょく』ランクが1段階ずつ上がるが、逃げたり交代できなくなる。
2回目からは失敗する。なお、自分が『ゴースト』タイプの場合は逃げたり交代できる。"
ビルドアップ,かくとう,-,-,20,変化,非接触,	自分の『こうげき』『ぼうぎょ』ランクを1段階ずつ上げる。
みきり,かくとう,-,-,5,変化,非接触,"必ず先制でき(優先度:+4)、そのターンの間、相手の技を受けない。連続で使うと失敗しやすくなる。
ダイマックス技や第7世代のZワザの攻撃技は貫通し、1/4のダメージを受ける。"
アームハンマー,かくとう,100,90,10,物理,接触,攻撃後、自分の『すばやさ』ランクが1段階下がる。特性『てつのこぶし』の時、威力が1.2倍になる。
いわくだき,かくとう,40,100,15,物理,接触,50%の確率で相手の『ぼうぎょ』ランクを1段階下げる。
インファイト,かくとう,120,100,5,物理,接触,攻撃後、自分の『ぼうぎょ』『とくぼう』ランクが1段階ずつ下がる。
カウンター,かくとう,-,100,20,物理,接触,"相手の物理攻撃のダメージの2倍をその相手に与える。
『ダブルバトル』の時は最後に受けた技のみ有効になる。必ず後攻になる(優先度:-5)。
『ゴースト』タイプには無効だが、それ以外のタイプ相性の影響を受けない。"
かかとおとし,かくとう,120,90,10,物理,接触,"30%の確率で相手を1～4ターンの間『こんらん』状態にする。攻撃が外れたり、
相手の技『まもる』などで失敗すると、自分の最大HPの半分のダメージを自分が受ける。"
かわらわり,かくとう,75,100,15,物理,接触,"相手の技『リフレクター』『オーロラベール』の効果を受けず、
相手の技『リフレクター』『ひかりのかべ』『オーロラベール』を壊す。"
きあいパンチ,かくとう,150,100,20,物理,接触,"必ず後攻になり(優先度:-3)、攻撃するまでに技を受けると失敗してしまう。
特性『てつのこぶし』の時、威力が1.2倍になる。"
きしかいせい,かくとう,-,100,15,物理,接触,自分の残りHPが少ないほど威力が高くなる。(威力は20～200)
クロスチョップ,かくとう,100,80,5,物理,接触,急所に当たりやすい(急所ランク:+1)。
けたぐり,かくとう,-,100,20,物理,接触,"相手の『おもさ』が重いほど威力が高くなる。10kg未満は20、25kg未満は40、50kg未満は60、
100kg未満は80、200kg未満は100、それ以上は120。"
つっぱり,かくとう,15,100,20,物理,接触,1ターンに2～5回連続で攻撃する。
とびひざげり,かくとう,130,90,10,物理,接触,"攻撃が外れたり、相手の技『まもる』などで失敗すると、
自分の最大HPの半分のダメージを自分が受ける。"
ともえなげ,かくとう,60,90,10,物理,接触,"必ず後攻になる(優先度:-6)。攻撃後、相手のポケモンを強制的に交代させる。
野生のポケモンの場合は戦闘を終了する。ダイマックスしている相手には追加効果は無効。"
トリプルキック,かくとう,10,90,10,物理,接触,1ターンに外れるまで最大3回連続で攻撃する。攻撃が当たる度に威力が10ずつ増える。
ドレインパンチ,かくとう,75,100,10,物理,接触,"相手に与えたダメージの半分だけ自分のHPが回復する。
特性『てつのこぶし』の時、威力が1.2倍になる。"
にどげり,かくとう,30,100,30,物理,接触,1ターンに2回連続で攻撃する。
はっけい,かくとう,60,100,10,物理,接触,30%の確率で相手を『まひ』状態にする。
はやてがえし,かくとう,65,100,15,物理,接触,"必ず先制できる(優先度:+3)。相手を100%の確率でひるませる。
ただし、そのターン相手が選んだ技が先制技ではない場合や、すでに攻撃を終えていた場合は失敗する。"
ばかぢから,かくとう,120,100,5,物理,接触,攻撃後、自分の『こうげき』『ぼうぎょ』ランクが1段階ずつ下がる。
ばくれつパンチ,かくとう,100,50,5,物理,接触,"100%の確率で相手を1～4ターンの間『こんらん』状態にする。
特性『てつのこぶし』の時、威力が1.2倍になる。"
ボディプレス,かくとう,80,100,10,物理,接触,"『こうげき』ではなく、
自分の『ぼうぎょ』と『ぼうぎょ』ランクを『こうげき』の数値にしてダメージ計算する。"
マッハパンチ,かくとう,40,100,10,物理,接触,必ず先制できる(優先度:+1)。特性『てつのこぶし』の時、威力が1.2倍になる。
ローキック,かくとう,65,100,20,物理,接触,100%の確率で相手の『すばやさ』ランクを1段階下げる。
いのちがけ,かくとう,-,100,5,特殊,非接触,"自分のHPを0にし、その分のダメージを相手に与える。
『ゴースト』タイプには無効だが、それ以外のタイプ相性の影響を受けない。"
きあいだま,かくとう,120,70,5,特殊,非接触,10%の確率で相手の『とくぼう』ランクを1段階下げる。
しんくうは,かくとう,40,100,30,特殊,非接触,必ず先制できる(優先度:+1)。
はどうだん,かくとう,80,-,20,特殊,非接触,自分の命中率、相手の回避率に関係なく必ず命中する。
おいかぜ,ひこう,-,-,15,変化,非接触,4ターンの間、自分と味方の『すばやさ』が2倍になる。
きりばらい,ひこう,-,-,15,変化,非接触,"相手の回避率を1段階下げる。相手の場の『しろいきり』『ひかりのかべ』『リフレクター』
『しんぴのまもり』『オーロラベール』、両方の場の『まきびし』『どくびし』『ステルスロック』
『ねばねばネット』、さらに第8世代からは『エレキフィールド』『グラスフィールド』『サイコフィールド』
『ミストフィールド』の効果を解除する。相手が『みがわり』状態の場合、回避率を下げる効果のみ失敗する。"
はねやすめ,ひこう,-,-,5,変化,非接触,HPが最大HPの半分回復するが、そのターンは『ひこう』タイプではなくなる。
フェザーダンス,ひこう,-,100,15,変化,非接触,相手の『こうげき』ランクを2段階下げる。
アクロバット,ひこう,55,100,15,物理,接触,	自分が道具を持っていない時、威力が2倍になる。
ゴットバード,ひこう,140,90,5,物理,非接触,"1ターン目は攻撃せずに、2ターン目で攻撃する。30%の確率で相手をひるませる。
急所に当たりやすい(急所ランク:+1)。"
そらをとぶ,ひこう,90,95,15,物理,接触,"1ターン目に空中へ飛び上がり、2ターン目に攻撃する。空中にいる間は『うちおとす』『かぜおこし』
『かみなり』『サウザンアロー』『スカイアッパー』『たつまき』『ぼうふう』以外の技を受けない。"
ダブルウイング,ひこう,40,90,10,物理,接触,1ターンに2回連続で攻撃する。
ついばむ,ひこう,60,100,20,物理,接触,相手が持っているバトルに効果のある『きのみ』を奪って、自分に使う。
つつく,ひこう,35,100,35,物理,接触,通常攻撃。
つばさでうつ,ひこう,60,100,35,物理,接触,通常攻撃。
つばめがえし,ひこう,60,-,20,物理,接触,自分の命中率、相手の回避率に関係なく必ず命中する。
とびはねる,ひこう,85,85,5,物理,接触,"1ターン目に空中へ飛び上がり、2ターン目に攻撃する。空中にいる間は『うちおとす』『かぜおこし』
『かみなり』『サウザンアロー』『スカイアッパー』『たつまき』『ぼうふう』以外の技を受けない。
30%の確率で相手を『まひ』状態にする。"
ドリルくちばし,ひこう,80,100,20,物理,接触,通常攻撃。
ブレイブバード,ひこう,120,100,15,物理,接触,相手に与えたダメージの33%を自分も受ける。
エアカッター,ひこう,60,95,25,特殊,非接触,急所に当たりやすい(急所ランク:+1)。
エアスラッシュ,ひこう,75,95,15,特殊,非接触,30%の確率で相手をひるませる。
かぜおこし,ひこう,40,100,35,特殊,非接触,相手が技『そらをとぶ』『とびはねる』『フリーフォール』を使っている時でも命中し、ダメージが2倍になる。
こがらしあらし,ひこう,100,80,10,特殊,非接触,30%の確率で、相手の『すばやさ』ランクを1段階下げる。天気が『あめ』の時は必ず命中する。
ぼうふう,ひこう,110,70,10,特殊,非接触,"30%の確率で、相手を2～5ターンの間『こんらん』状態にする。天気が『あめ』の時は必ず命中し、
『にほんばれ』の時は命中率が50%になる。相手が技『そらをとぶ』『とびはねる』『フリーフォール』
を使っている時でも命中する。"
いえき,どく,-,100,10,変化,非接触,"相手の特性を無効にする。ただし、『バトルスイッチ』『ばけのかわ』などフォルムに関わる特性や、
一部の固有の特性などには効かない。"
トーチカ,どく,-,-,10,変化,非接触,"必ず先制でき(優先度:+4)、そのターンの間、相手の攻撃を防ぐと同時に、
直接攻撃をした相手を『どく』状態にする。連続で使うと失敗しやすくなる。
ダイマックス技や第7世代のZワザの攻撃技は貫通し、1/4のダメージを受ける。"
とぐろをまく,どく,-,-,20,変化,非接触,自分の『こうげき』『ぼうぎょ』『命中率』ランクが1段階ずつ上がる。
とける,どく,-,-,20,変化,非接触,自分の『ぼうぎょ』ランクを2段階上げる。
どくガス,どく,-,90,40,変化,非接触,相手を『どく』状態にする。『どく』タイプや『はがね』タイプには無効。
どくどく,どく,-,90,10,変化,非接触,"相手を『もうどく』状態にする。『もうどく』状態は通常の『どく』状態と違い、
受けるダメージが1/16、2/16、3/16・・・と増えていく。『どく』タイプのポケモンが使うと必ず命中する。
『どく』タイプや『はがね』タイプには無効。"
どくのこな,どく,-,75,35,変化,非接触,"相手を『どく』状態にする。『どく』タイプや『はがね』タイプ、『くさ』タイプ、特性『ぼうじん』、
道具『ぼうじんゴーグル』を持っているポケモンには無効。"
どくびし,どく,-,-,20,変化,非接触,"相手の場を『どくびし』状態にし、相手はポケモンを交代する度に、出したポケモンが『どく』状態になる。
2回使うと『もうどく』状態になる。『どく』『はがね』『ひこう』タイプ、
特性『ふゆう』のポケモンは効果を受けない。『どく』タイプのポケモンが出ると効果がなくなる。"
クロスポイズン,どく,70,100,20,物理,接触,10%の確率で相手を『どく』状態にする。急所に当たりやすい(急所ランク:+1)。
ダストシュート,どく,120,80,5,物理,非接触,30%の確率で相手を『どく』状態にする。
どくづき,どく,80,100,20,物理,接触,30%の確率で相手を『どく』状態にする。
どくどくのキバ,どく,80,100,20,物理,接触,"50%の確率で相手を『もうどく』状態にする。『もうどく』状態は通常の『どく』状態と違い、
受けるダメージが1/16、2/16、3/16・・・と増えていく。"
アシッドボム,どく,40,100,20,特殊,非接触,100%の確率で相手の『とくぼう』ランクを2段階下げる。
クリアスモッグ,どく,50,-,15,特殊,非接触,相手の能力ランクの変化を元に戻す。
ゲップ,どく,120,90,10,特殊,非接触,この技は『きのみ』を食べると使えるようになる。
ヘドロばくだん,どく,90,100,10,特殊,非接触,30%の確率で相手を『どく』状態にする。
ベノムショック,どく,65,100,10,特殊,非接触,相手が『どく』状態の時、威力が2倍になる。
ようかいえき,どく,40,100,30,特殊,非接触,10%の確率で相手の『とくぼう』ランクを1段階下げる。
すなかけ,じめん,-,100,15,変化,非接触,相手の命中率を1段階下げる。
まきびし,じめん,-,-,20,変化,非接触,"使用後、相手はポケモンを交代する度にダメージを受ける。
3回まで使うことができ、1回の時は相手の最大HPの1/8、2回の時は相手の最大HPの1/6、
3回の時は相手の最大HPの1/4のダメージを与える。
『ひこう』タイプ、特性『ふゆう』のポケモンはダメージを受けない。"
あなをほる,じめん,80,100,10,物理,接触,"1ターン目に地中に潜り、2ターン目に攻撃する。
地中にいる間は『じしん』『マグニチュード』以外の技を受けない。"
じしん,じめん,100,100,10,物理,非接触,相手が技『あなをほる』を使っている時でも命中し、ダメージが2倍になる。
じだんだ,じめん,75,100,10,物理,接触,"前のターンで自分が使った技が外れたり失敗したり、
『まひ』『こんらん』『ひるみ』状態などで行動できなかった場合、威力が2倍になる。"
じならし,じめん,60,100,20,物理,非接触,100%の確率で相手の『すばやさ』ランクを1段階下げる。
10まんばりき,じめん,95,95,10,物理,接触,通常攻撃。
じわれ,じめん,-,30,5,物理,非接触,"相手を『ひんし』状態にする。相手のレベルが自分より高いと失敗する。
(30＋自分のレベル－相手のレベル)が命中率になる。『ひこう』タイプには無効だが、
それ以外のタイプ相性の影響を受けない。ダイマックスしている相手には無効。"
すなじごく,じめん,35,85,15,物理,非接触,"	4～5ターンの間、毎ターン終了後最大HPの1/8のダメージを与え、
その間『ゴースト』タイプではない相手は逃げたり交代できない。"
ドリルライナー,じめん,80,95,10,物理,接触,急所に当たりやすい(急所ランク:+1)。
ぶちかまし,,120,100,5,物理,接触,"攻撃後、自分の『ぼうぎょ』『とくぼう』ランクが1段階ずつ下がる。
特性『てつのこぶし』の時、威力が1.2倍になる。"
ボーンラッシュ,じめん,25,90,10,物理,非接触,1ターンに2～5回連続で攻撃する。
だいちのちから,じめん,90,100,10,特殊,非接触,10%の確率で相手の『とくぼう』ランクを1段階下げる。
どろかけ,じめん,20,100,10,特殊,非接触,100%の確率で相手の命中率を1段階下げる。
ねっさのあらし,じめん,100,80,10,特殊,非接触,20%の確率で相手を『やけど』状態にする。天気が『あめ』の時は必ず命中する。
ねっさのだいち,じめん,70,100,10,特殊,非接触,"30%の確率で相手を『やけど』状態にする。
自分が『こおり』状態の時でも使う事ができ、使うと『こおり』状態が治る。"
マッドショット,じめん,55,95,15,特殊,非接触,100%の確率で相手の『すばやさ』ランクを1段階下げる。
ステルスロック,いわ,-,-,20,変化,非接触,"使用後、相手はポケモンを交代する度に、出てきたポケモンは最大HPの1/8のダメージを受ける。
『タイプ』相性の影響を受け、例えば4倍弱点の場合は最大HPの1/2のダメージとなる。"
すなあらし,いわ,-,-,10,変化,非接触,"5ターンの間、天気を『すなあらし』にする。『いわ』『じめん』『はがね』タイプではないポケモンは、
毎ターン最大HPの1/16のダメージを受ける。また、『いわ』タイプのポケモンは『とくぼう』が1.5倍になる。"
ロックカット,いわ,-,-,20,変化,非接触,自分の『すばやさ』ランクが2段階上がる。
アクセルロック,いわ,40,100,20,物理,接触,必ず先制できる(優先度:+1)。
いわおとし,いわ,50,95,15,物理,非接触,通常攻撃。
いわなだれ,いわ,75,90,10,物理,非接触,30%の確率で相手をひるませる。
がんせきふうじ,いわ,60,95,15,物理,非接触,100%の確率で相手の『すばやさ』ランクを1段階下げる。
ころがる,いわ,30,90,20,物理,接触,"外れるまで5ターン連続で攻撃し、攻撃が当たる度に威力が倍増する(最大480)。
事前に技『まるくなる』を使っていると威力が2倍になる。"
ストーンエッジ,いわ,100,80,5,物理,非接触,急所に当たりやすい(急所ランク:+1)。
ロックブラスト,いわ,25,90,10,物理,非接触,1ターンに2～5回連続で攻撃する。
げんしのちから,いわ,60,100,5,特殊,非接触,10%の確率で自分の『こうげき』『ぼうぎょ』『とくこう』『とくぼう』『すばやさ』ランクが1段階ずつ上がる。
パワージェム,いわ,80,100,20,特殊,非接触,通常攻撃。
メテオビーム,いわ,120,90,10,特殊,非接触,1ターン目に100%の確率で自分の『とくこう』ランクを1段階上げ、2ターン目で攻撃する。
いとをはく,むし,-,95,40,変化,非接触,相手の『すばやさ』ランクを2段階下げる。
ちょうのまい,むし,-,-,10,変化,非接触,自分の『とくこう』『とくぼう』『すばやさ』ランクが1段階ずつ上がる。
ねばねばネット,むし,-,-,20,変化,非接触,"使用後、相手はポケモンを交代する度に、出てきたポケモンの『すばやさ』ランクが1段階下がる。
『ひこう』タイプや特性『ふゆう』のポケモンは影響を受けない。"
ほたるび,むし,-,-,20,変化,非接触,自分の『とくこう』ランクが3段階上がる。
きゅうけつ,むし,80,100,10,物理,接触,相手に与えたダメージの半分だけ自分のHPが回復する。
シザークロス,むし,80,100,15,物理,接触,通常攻撃。
であいがしら,むし,90,100,10,物理,接触,必ず先制できる(優先度:+2)。ただし、出た最初のターンしか成功しない。
とどめばり,むし,50,100,25,物理,接触,この技で相手を倒すと、自分の『こうげき』ランクが3段階上がる。
とびかかる,むし,80,100,15,物理,接触,100%の確率で相手の『こうげき』ランクを1段階下げる。
とんぼがえり,むし,70,100,20,物理,接触,攻撃後、手持ちのポケモンと入れ替わる。
ミサイルばり,むし,25,95,20,物理,非接触,1ターンに2～5回連続で攻撃する。
メガホーン,むし,120,85,10,物理,接触,通常攻撃。
れんぞくぎり,むし,40,95,20,物理,接触,"連続で使用すると攻撃が当たる度に威力が倍増していく(最大160)。
攻撃が外れたり連続で使用しないと元に戻る。"
かふんだんご,むし,90,100,15,特殊,非接触,味方に使った場合、ダメージではなく味方のHPを最大HPの1/2回復する。
まとわりつく,むし,20,100,20,特殊,非接触,"4～5ターンの間、毎ターン終了後最大HPの1/8のダメージを与え、
その間『ゴースト』タイプではない相手は逃げたり交代できない。"
むしのさざめき,むし,90,100,10,特殊,非接触,10%の確率で相手の『とくぼう』ランクを1段階下げる。音系の技。相手の『みがわり』状態を貫通する。
あやしいひかり,ゴースト,-,100,10,変化,非接触,相手を1～4ターンの間『こんらん』状態にする。
のろい,ゴースト,-,-,10,変化,非接触,"自分のタイプが『ゴースト』タイプの時は自分のHPを最大HPの半分だけ減らして、相手を『のろい』状態にする。
『のろい』状態になると毎ターン、HPが最大HPの1/4ずつ減る。
それ以外のポケモンの場合『すばやさ』ランクが1段階下がり、
『こうげき』『ぼうぎょ』ランクが1段階ずつ上がる。"
みちづれ,ゴースト,-,-,5,変化,非接触,"次の自分のターンまでに相手の攻撃で『ひんし』状態になると、相手も『ひんし』状態になる。
ダイマックスしている相手には効果がない。第7世代以降は、連続で使うと必ず失敗する。"
おどろかす,ゴースト,30,100,15,物理,接触,30%の確率で相手をひるませる。
かげうち,ゴースト,40,100,30,物理,接触,必ず先制できる(優先度:+1)。
かげぬい,ゴースト,80,100,10,物理,非接触,『ゴースト』タイプではない相手は逃げたり、交代できなくなる。自分が場を離れると効果は消える。
ゴーストダイブ,ゴースト,90,100,10,物理,接触,"1ターン目に消えて、2ターン目に攻撃する。消えている間はほとんどの技を受けない。
相手の『まもる』『みきり』『たたみがえし』『トーチカ』『キングシールド』『ニードルガード』『ブロッキング』
『スレッドトラップ』『かえんのまもり』の効果を受けない(『ダイウォール』を除く)。"
したでなめる,ゴースト,30,100,30,物理,接触,30%の確率で相手を『まひ』状態にする。
シャドークロー,ゴースト,70,100,15,物理,接触,急所に当たりやすい(急所ランク:+1)。
シャドーパンチ,ゴースト,60,-,20,物理,接触,自分の命中率、相手の回避率に関係なく必ず命中する。特性『てつのこぶし』の時、威力が1.2倍になる。
ふんどのこぶし,ゴースト,50,100,10,物理,接触,"これまでに受けた攻撃1回につき、威力が50上がる(最大威力350)。手持ちに戻っても、リセットされない。
特性『てつのこぶし』の時、威力が1.2倍になる。"
ポルターガイスト,ゴースト,110,90,5,物理,非接触,相手が道具を持っていない時は失敗する。なお、相手の道具を無効にする効果はない。
うらみつらみ,ゴースト,75,100,10,特殊,非接触,100%の確率で相手の『こうげき』ランクを1段階下げる。
シャドーボール,ゴースト,80,100,15,特殊,非接触,20%の確率で相手の『とくぼう』ランクを1段階下げる。
シャドーレイ,ゴースト,100,100,5,特殊,非接触,相手の特性の影響を受けずに攻撃する。
たたりめ,ゴースト,65,100,10,特殊,非接触,相手が状態異常の時、威力が2倍になる。
きんぞくおん,はがね,-,85,40,変化,非接触,音系の技。相手の『とくぼう』ランクを2段階下げる。
ギアチェンジ,はがね,-,-,10,変化,非接触,自分の『すばやさ』ランクが2段階、『こうげき』ランクが1段階上がる。
てっぺき,はがね,-,-,15,変化,非接触,自分の『ぼうぎょ』ランクを2段階上げる。
アイアンテール,はがね,100,75,15,物理,接触,30%の確率で相手の『ぼうぎょ』ランクを1段階下げる。
アイアンヘッド,はがね,80,100,15,物理,接触,30%の確率で相手をひるませる。
コメットパンチ,はがね,90,90,10,物理,接触,20%の確率で自分の『こうげき』ランクが1段階上がる。特性『てつのこぶし』の時、威力が1.2倍になる。
ジャイロボール,はがね,-,100,5,物理,接触,"相手より『すばやさ』が低いほど威力が高くなる。(25×相手のすばやさ÷自分のすばやさ)+1が威力になる。
ただし最大威力は150。小数点以下は切り捨て。"
スマートホーン,はがね,70,-,10,物理,接触,自分の命中率、相手の回避率に関係なく必ず命中する。
ハードプレス,はがね,-,100,10,物理,接触,相手の残りHPが多いほど威力が高くなる。(100×相手の残りHP÷相手の最大HP)が威力になる。
バレットパンチ,はがね,40,100,30,物理,接触,必ず先制できる(優先度:+1)。特性『てつのこぶし』の時、威力が1.2倍になる。
ヘビーボンバー,はがね,-,100,10,物理,接触,"自分の『おもさ』が相手より重いほど威力が高くなる。
相手の『おもさ』が自分の1/5以下なら120、1/4以下なら100、1/3以下なら80、1/2以下なら60、
それより大きければ40。相手が技『ちいさくなる』を使用していると必ず命中し、威力が2倍になる(第7世代以降)。
ダイマックスしている相手には無効。"
メタルクロー,はがね,50,95,35,物理,接触,10%の確率で自分の『こうげき』ランクが1段階上がる。
ゴールドラッシュ,はがね,120,100,5,特殊,非接触,攻撃後、自分の『とくこう』ランクが1段階下がる。
タキオンカッター,はがね,50,-,10,特殊,非接触,1ターンに2回連続で攻撃する。自分の命中率、相手の回避率に関係なく必ず命中する。
てっていこうせん,はがね,140,95,5,特殊,非接触,自分のHPを最大HPの半分だけ減らす。『まもる』などで技が防がれた場合も、自分のHPは減る。
はめつのめがい,はがね,140,100,5,特殊,非接触,2ターン後に攻撃する。交代した場合は同じ位置にいるポケモンに攻撃する。タイプ相性の影響を受ける。
ラスターカノン,はがね,80,100,10,特殊,非接触,10%の確率で相手の『とくぼう』ランクを1段階下げる。
おにび,ほのお,-,85,15,変化,非接触,相手を『やけど』状態にする。『ほのお』タイプには無効。
にほんばれ,ほのお,-,-,5,変化,非接触,"5ターンの間、天気を『にほんばれ』にする。『ほのお』タイプの技のダメージが1.5倍になり、
『みず』タイプの技のダメージが半減する。『こおり』状態にならない。"
かえんぐるま,ほのお,60,100,25,物理,接触,"10%の確率で相手を『やけど』状態にする。
自分が『こおり』状態の時でも使う事ができ、使うと『こおり』状態が治る。"
かえんボール,ほのお,120,90,5,物理,非接触,"10%の確率で相手を『やけど』状態にする。
自分が『こおり』状態の時でも使う事ができ、使うと『こおり』状態が治る。"
せいなるほのお,ほのお,100,95,5,物理,非接触,"50%の確率で相手を『やけど』状態にする。
自分が『こおり』状態の時でも使う事ができ、使うと『こおり』状態が治る。"
ニトロチャージ,ほのお,50,100,20,物理,接触,100%の確率で自分の『すばやさ』ランクが1段階上がる。
フレアドライブ,ほのお,120,100,15,物理,接触,"相手に与えたダメージの33%を自分も受ける。10%の確率で相手を『やけど』状態にする。
自分が『こおり』状態の時でも使う事ができ、使うと『こおり』状態が治る。"
ブレイズキック,ほのお,85,90,10,物理,接触,10%の確率で相手を『やけど』状態にする。急所に当たりやすい(急所ランク:+1)。
ほのおのキバ,ほのお,65,95,15,物理,接触,10%の確率で相手を『やけど』状態にするか、ひるませる。
ほのおのパンチ,ほのお,75,100,15,物理,接触,10%の確率で相手を『やけど』状態にする。特性『てつのこぶし』の時、威力が1.2倍になる。
やけっぱち,ほのお,75,100,10,物理,接触,"前のターンで自分が使った技が外れたり失敗したり、
『まひ』『こんらん』『ひるみ』状態などで行動できなかった場合、威力が2倍になる。"
オーバーヒート,ほのお,130,90,5,特殊,非接触,攻撃後、100%の確率で自分の『とくこう』ランクが2段階下がる。
かえんほうしゃ,ほのお,90,100,15,特殊,非接触,10%の確率で相手を『やけど』状態にする。
しっとのほのお,ほのお,70,100,5,特殊,非接触,"100%の確率で、そのターンの間に能力ランクが上がった相手ポケモンを『やけど』状態にする
(通常は後攻で攻撃する必要があるが、場に出た時に能力ランクが上がった場合も対象となる)。"
だいもんじ,ほのお,110,85,5,特殊,非接触,10%の確率で相手を『やけど』状態にする。
ねっぷう,ほのお,95,90,10,特殊,非接触,10%の確率で相手を『やけど』状態にする。
フレアソング,ほのお,80,100,10,特殊,非接触,100%の確率で自分の『とくこう』ランクを1段階上げる。音系の技。相手の『みがわり』状態を貫通する。
ふんか,ほのお,150,100,5,特殊,非接触,自分のHPが少ないほど技の威力が下がる。(150×自分の残りHP÷自分の最大HP)が威力。
ほのおのうず,ほのお,35,85,15,特殊,非接触,"4～5ターンの間、毎ターン終了後最大HPの1/8のダメージを与え、
その間『ゴースト』タイプではない相手は逃げたり交代できない。"
ほのおのまい,ほのお,80,100,10,特殊,非接触,50%の確率で自分の『とくこう』ランクが1段階上がる。
マジカルフレイム,ほのお,75,100,10,特殊,非接触,100%の確率で相手の『とくこう』ランクを1段階下げる。
もえつきる,ほのお,130,100,5,特殊,非接触,"攻撃後、自分は『ほのお』タイプではなくなる。自分が『ほのお』タイプではない時は失敗する。
自分が『こおり』状態の時でも使う事ができ、使うと『こおり』状態が治る。"
れんごく,ほのお,100,50,5,特殊,非接触,100%の確率で相手を『やけど』状態にする。
アクアリング,みず,-,-,20,変化,非接触,使用後、毎ターン、HPが最大HPの1/16ずつ回復する。
あまごい,みず,-,-,5,変化,非接触,"5ターンの間、天気を『あめ』にする。
『みず』タイプの技のダメージが1.5倍になり、『ほのお』タイプの技のダメージが半減する。"
からにこもる,みず,-,-,40,変化,非接触,自分の『ぼうぎょ』ランクを1段階上げる。
アクアカッター,みず,70,100,20,物理,非接触,急所に当たりやすい(急所ランク:+1)。
アクアジェット,みず,40,100,20,物理,接触,必ず先制できる(優先度:+1)。
アクアステップ,みず,80,100,10,物理,接触,100%の確率で自分の『すばやさ』ランクが1段階上がる。
アクアテール,みず,90,90,10,物理,接触,通常攻撃。
アクアブレイク,みず,85,100,10,物理,接触,20%の確率で、相手の『ぼうぎょ』ランクを1段階下げる。
クイックターン,みず,60,100,20,物理,接触,攻撃後、手持ちのポケモンと入れ替わる。
ジェットパンチ,みず,60,100,15,物理,接触,必ず先制できる(優先度:+1)。特性『てつのこぶし』の時、威力が1.2倍になる。
たきのぼり,みず,80,100,15,物理,接触,20%の確率で相手をひるませる。
ダイビング,みず,80,100,10,物理,接触,1ターン目に水中へ潜り、2ターン目に攻撃する。水中にいる間は『なみのり』『うずしお』以外の技を受けない。
うずしお,みず,35,85,15,特殊,非接触,"4～5ターンの間、毎ターン終了後最大HPの1/8のダメージを与え、
その間『ゴースト』タイプではない相手は逃げたり交代できない。
相手が『ダイビング』を使っている時でも命中し、ダメージが2倍になる。"
うたかたのアリア,みず,90,100,10,特殊,非接触,相手の『やけど』状態を治す。音系の技。相手の『みがわり』状態を貫通する。
しおふき,みず,150,100,5,特殊,非接触,自分のHPが少ないほど技の威力が下がる。(150×自分の残りHP÷自分の最大HP)が威力。
だくりゅう,みず,90,85,10,特殊,非接触,30%の確率で相手の命中率を1段階下げる。
なみのり,みず,90,100,15,特殊,非接触,相手が『ダイビング』を使っている時でも命中し、ダメージが2倍になる。
ねっとう,みず,80,100,15,特殊,非接触,"30%の確率で相手を『やけど』状態にする。
自分が『こおり』状態の時でも使う事ができ、使うと『こおり』状態が治る。また、相手の『こおり』状態を治す。"
ねらいうち,みず,80,100,15,特殊,非接触,急所に当たりやすい(急所ランク:+1)。
ハイドロポンプ,みず,110,80,5,特殊,非接触,通常攻撃。
バブルこうせん,みず,65,100,20,特殊,非接触,10%の確率で相手の『すばやさ』ランクを1段階下げる。
ひやみず,みず,50,100,20,特殊,非接触,100%の確率で相手の『こうげき』ランクを1段階下げる。
みずのはどう,みず,60,100,20,特殊,非接触,20%の確率で相手を1～4ターンの間『こんらん』状態にする。
キノコのほうし,くさ,-,100,15,変化,非接触,"相手を2～4ターン(実質1～3ターン)の間『ねむり』状態にする。
『くさ』タイプや特性『ぼうじん』、道具『ぼうじんゴーグル』を持っているポケモンには無効。"
グラスフィールド,くさ,-,-,10,変化,非接触,"5ターンの間、場の状態を『グラスフィールド』にする。
『ひこう』タイプや特性『ふゆう』などではない地面にいるすべてのポケモンは、毎ターン最大HPの1/16ずつ回復し、
また『くさ』タイプの技の威力が1.3倍になり(第7世代までは1.5倍)、技『じしん』『じならし』『マグニチュード』
の受けるダメージが半減する。道具『グラスシード』を持ったポケモンは『ぼうぎょ』ランクが1段階上がる。"
こうごうせい,くさ,-,-,5,変化,非接触,"HPが、天気が通常の時は最大HPの1/2、『にほんばれ』の時は最大HPの2/3、
『あめ』『ゆき』『すなあらし』の時は最大HPの1/4回復する。"
コットンガード,くさ,,,,変化,非接触,自分の『ぼうぎょ』ランクが3段階上がる。
しびれごな,くさ,-,75,30,変化,非接触,"相手を『まひ』状態にする。
『でんき』タイプや『くさ』タイプ、特性『ぼうじん』、『ぼうじんゴーグル』を持っているのポケモンには無効。"
ちからをすいとる,くさ,-,100,10,変化,非接触,"相手の『こうげき』の能力値と同じ値だけ自分のHPを回復し、相手の『こうげき』ランクを1段階下げる。
特性などでランクが下がらない場合は、回復の効果のみ発動する。すでにランクが最低の場合は失敗する。"
なやみのタネ,くさ,-,100,10,変化,非接触,相手の特性を『ふみん』にする。ただし、『なまけ』『バトルスイッチ』など一部の固有な特性の場合は失敗する。
ねをはる,くさ,-,-,20,変化,非接触,使用後、毎ターン、HPが最大HPの1/16ずつ回復するが、交代できなくなる。
やどりぎのタネ,くさ,-,90,10,変化,非接触,"使用後、毎ターン、相手のHPを最大HPの1/8ずつ減らし、その分自分のHPを回復させる。
自分は交代しても効果が引き継ぐ。『くさ』タイプのポケモンには無効。"
わたほうし,くさ,-,100,40,変化,非接触,"相手の『すばやさ』ランクを2段階下げる。
『くさ』タイプや特性『ぼうじん』、道具『ぼうじんゴーグル』を持っているポケモンには無効。"
ウッドハンマー,くさ,120,100,15,物理,接触,相手に与えたダメージの33%を自分も受ける。
ウッドホーン,くさ,75,100,10,物理,接触,相手に与えたダメージの半分だけ自分のHPが回復する。
えだづき,くさ,40,100,40,物理,接触,通常攻撃。
くさわけ,くさ,50,100,20,物理,接触,100%の確率で自分の『すばやさ』ランクが1段階上がる。
グラススライダー,くさ,55,100,20,物理,接触,"場の状態が『グラスフィールド』で、自分が『ひこう』タイプや特性『ふゆう』などではなく地面にいる時、
必ず先制できる(優先度:+1)。"
ソーラーブレード,くさ,125,100,10,物理,接触,"1ターン目は攻撃せずに、2ターン目で攻撃する。
天気が『にほんばれ』の時は1ターンためずに攻撃でき、『あめ』『ゆき』『すなあらし』の時は威力が半分になる。"
タネばくだん,くさ,80,100,15,物理,非接触,通常攻撃。
タネマシンガン,くさ,25,100,30,物理,接触,1ターンに2～5回連続で攻撃する。
つるのムチ,くさ,45,100,25,物理,接触,通常攻撃。
はっぱカッター,くさ,55,95,25,物理,非接触,急所に当たりやすい(急所ランク:+1)。
はなふぶき,くさ,90,100,15,物理,非接触,通常攻撃。
パワーウィップ,くさ,120,85,10,物理,接触,通常攻撃。
リーフブレード,くさ,90,100,15,物理,接触,急所に当たりやすい(急所ランク:+1)。
エナジーボール,くさ,90,100,10,特殊,非接触,10%の確率で相手の『とくぼう』ランクを1段階下げる。
ギガドレイン,くさ,75,100,10,特殊,非接触,相手に与えたダメージの半分だけ自分のHPが回復する。
くさむすび,くさ,-,100,20,特殊,非接触,"相手の『おもさ』が重いほど威力が高くなる。10kg未満は20、25kg未満は40、50kg未満は60、100kg未満は80、
200kg未満は100、それ以上は120。ダイマックスしている相手には無効。"
すいとる,くさ,20,100,25,特殊,非接触,相手に与えたダメージの半分だけ自分のHPが回復する。
ソーラービーム,くさ,120,100,10,特殊,非接触,"1ターン目は攻撃せずに、2ターン目で攻撃する。
天気が『にほんばれ』の時は1ターンためずに攻撃でき、『あめ』『ゆき』『すなあらし』の時は威力が半分になる。"
ハードプラント,くさ,150,90,5,特殊,非接触,使用した次のターンは行動できない。
はなびらのまい,くさ,120,100,10,特殊,非接触,2～3ターン連続で攻撃し、その後自分は1～4ターンの間『こんらん』状態になる。
マジカルリーフ,くさ,60,-,20,特殊,非接触,自分の命中率、相手の回避率に関係なく必ず命中する。
メガドレイン,くさ,40,100,15,特殊,非接触,相手に与えたダメージの半分だけ自分のHPが回復する。
リーフストーム,くさ,130,90,5,特殊,非接触,攻撃後、100%の確率で自分の『とくこう』ランクが2段階下がる。
エレキフィールド,でんき,-,-,10,変化,非接触,"5ターンの間、場の状態を『エレキフィールド』にする。
『ひこう』タイプや特性『ふゆう』などではない地面にいるすべてのポケモンは、
『ねむり』『あくび』(ねむけ)状態にならず、また『でんき』タイプの技の威力が1.3倍になる。
すでに『ねむり』状態の場合は回復しない。
道具『エレキシード』を持ったポケモンは『ぼうぎょ』ランクが1段階上がる。"
かいでんぱ,でんき,-,100,15,変化,非接触,相手の『とくこう』ランクを2段階下げる。
じゅうでん,でんき,-,-,20,変化,非接触,一度だけ次回使う自分の『でんき』タイプの技の威力が2倍になる。自分の『とくぼう』ランクが1段階上がる。
でんじは,でんき,-,90,20,変化,非接触,相手を『まひ』状態にする。『じめん』タイプや『でんき』タイプには無効。
でんじふゆう,でんき,-,-,10,変化,非接触,"5ターンの間、『ふゆう』状態となり、『じめん』タイプの技や、
『グラスフィールド』『ミストフィールド』『エレキフィールド』『サイコフィールド』などの効果を受けなくなる。"
かみなりのキバ,でんき,65,95,15,物理,接触,10%の確率で相手を『まひ』状態にするか、ひるませる。
かみなりパンチ,でんき,75,100,15,物理,接触,10%の確率で相手を『まひ』状態にする。特性『てつのこぶし』の時、威力が1.2倍になる。
サンダーダイブ,でんき,100,95,15,物理,接触,"攻撃が外れたり、相手の技『まもる』などで失敗すると、自分の最大HPの半分のダメージを自分が受ける。
相手が技『ちいさくなる』を使用していると必ず命中し、威力が2倍になる。"
スパーク,でんき,65,100,20,物理,接触,30%の確率で相手を『まひ』状態にする。
ほっぺすりすり,でんき,20,100,20,物理,接触,100%の確率で相手を『まひ』状態にする。
ボルテッカー,でんき,120,100,15,物理,接触,相手に与えたダメージの33%を自分も受ける。10%の確率で相手を『まひ』状態にする。
ワイルドボルト,でんき,90,100,15,物理,接触,相手に与えたダメージの1/4を自分も受ける。
エレキネット,でんき,55,95,15,特殊,非接触,100%の確率で相手の『すばやさ』ランクを1段階下げる。
エレキボール,でんき,-,100,10,特殊,非接触,"相手より『すばやさ』が高いほど威力が高くなる。
1倍未満は40、2倍未満は60、3倍未満は80、4倍未満は120、それ以上は150。"
かみなり,でんき,110,70,10,特殊,非接触,"30%の確率で相手を『まひ』状態にする。
天気が『あめ』の時は必ず命中し、『にほんばれ』の時は命中率が50%になる。
相手が技『そらをとぶ』『とびはねる』『フリーフォール』を使っている時でも命中する。"
10まんボルト,でんき,90,100,15,特殊,非接触,10%の確率で相手を『まひ』状態にする。
チャージビーム,でんき,50,90,10,特殊,非接触,70%の確率で自分の『とくこう』ランクが1段階上がる。
でんきショック,でんき,40,100,30,特殊,非接触,10%の確率で相手を『まひ』状態にする。
でんげきは,でんき,60,-,20,特殊,非接触,自分の命中率、相手の回避率に関係なく必ず命中する。
でんじほう,でんき,120,50,5,特殊,非接触,100%の確率で相手を『まひ』状態にする。
パラボラチャージ,でんき,65,100,20,特殊,非接触,相手に与えたダメージの半分だけ自分のHPが回復する。
ほうでん,でんき,80,100,15,特殊,非接触,30%の確率で相手を『まひ』状態にする。
ボルトチェンジ,でんき,70,100,20,特殊,非接触,攻撃後、手持ちのポケモンと入れ替わる。
いやしのねがい,エスパー,-,-,10,変化,非接触,自分が『ひんし』になる代わりに、次に出す自分のポケモンの状態異常とHPが全回復する。
ガードシェア,エスパー,-,-,10,変化,非接触,自分と相手の『ぼうぎょ』と『とくぼう』を足して半分に分ける。
ガードスワップ,エスパー,-,-,10,変化,非接触,自分と相手の『ぼうぎょ』『とくぼう』ランクを入れ替える。
こうそくいどう,エスパー,-,-,30,変化,非接触,自分の『すばやさ』ランクが2段階上がる。
コスモパワー,エスパー,-,-,20,変化,非接触,自分の『ぼうぎょ』『とくぼう』ランクが1段階ずつ上がる。
サイコフィールド,エスパー,-,-,10,変化,非接触,"5ターンの間、場の状態を『サイコフィールド』にする。
『ひこう』タイプや特性『ふゆう』などではない地面にいるすべてのポケモンは、
相手(味方は含まない)の先制技を受けなくなり、また『エスパー』タイプの技の威力が1.3倍になる
(第7世代までは1.5倍)。道具『サイコシード』を持ったポケモンは『とくぼう』ランクが1段階上がる。"
さいみんじゅつ,エスパー,-,60,20,変化,非接触,相手を2～4ターン(実質1～3ターン)の間『ねむり』状態にする。
じゅうりょく,エスパー,-,-,5,変化,非接触,"5ターンの間、すべてのポケモンの命中率が5/3倍になる。
また、特性『ふゆう』や、『ひこう』タイプのポケモンに『じめん』タイプの技が当たるようになる。
技『そらをとぶ』『はねる』『とびげり』『とびひざげり』『とびはねる』『でんじふゆう』『フライングプレス』
『フリーフォール』が使えなくなり、使用している場合は解除される。『テレキネシス』を受けなくなり、
受けている場合は解除される。技『Gのちから』の威力が1.5倍になる。"
スキルスワップ,エスパー,-,-,10,変化,非接触,自分と相手の特性を入れ替える。
テレポート,エスパー,-,-,20,変化,非接触,必ず後攻になる(優先度:-6)。手持ちのポケモンと入れ替わる。
トリック,エスパー,-,100,10,変化,非接触,相手と自分が持っている道具を入れ替える。片方しか道具を持っていない場合も成功する。
トリックルーム,エスパー,-,-,5,変化,非接触,"5ターンの間、『すばやさ』が低いポケモンから攻撃できるようになる。ただし、必ず先制できる技には無効。
もう1度使用すると元に戻る。必ず後攻になる(優先度:-7)。"
ドわすれ,エスパー,-,-,20,変化,非接触,自分の『とくぼう』ランクを2段階上げる。
ねむる,エスパー,-,-,5,変化,非接触,HPと状態異常をすべて回復した後、2ターンの間『ねむり』状態になる。
パワーシェア,エスパー,-,-,10,変化,非接触,自分と相手の『こうげき』と『とくこう』を足して半分に分ける。
パワースワップ,エスパー,-,-,10,変化,非接触,自分と相手の『こうげき』『とくこう』ランクを入れ替える。
パワートリック,エスパー,-,-,10,変化,非接触,自分の『こうげき』と『ぼうぎょ』を入れ替える。『ランク』は変化しない。
ひかりのかべ,エスパー,-,-,30,変化,非接触,5ターンの間、相手の特殊攻撃のダメージを半分にする。
ふういん,エスパー,-,-,10,変化,非接触,自分が場を離れるまで、自分が覚えている技と同じ技を相手のポケモンは使えなくなる。
めいそう,エスパー,-,-,20,変化,非接触,自分の『とくこう』『とくぼう』ランクが1段階ずつ上がる。
リフレクター,エスパー,-,-,20,変化,非接触,"5ターンの間、相手の物理攻撃のダメージを半分にする。味方が複数の場合は半分ではなく2/3になる。
急所に当たった場合は軽減されない。交代しても効果は続く。"
サイコカッター,エスパー,70,100,20,物理,非接触,急所に当たりやすい(急所ランク:+1)。
サイコファング,エスパー,85,100,10,物理,接触,"相手の技『リフレクター』『オーロラベール』の効果を受けず、
相手の技『リフレクター』『ひかりのかべ』『オーロラベール』を壊す。"
しねんのずつき,エスパー,80,90,15,物理,接触,20%の確率で相手をひるませる。
アシストパワー,エスパー,20,100,10,特殊,非接触,自分のいずれかの能力ランクが1つ上がる度に威力が20上がる。
サイケこうせん,エスパー,65,100,20,特殊,非接触,10%の確率で相手を1～4ターンの間『こんらん』状態にする。
サイコキネシス,エスパー,90,100,10,特殊,非接触,10%の確率で相手の『とくぼう』ランクを1段階下げる。
サイコショック,エスパー,80,100,10,特殊,非接触,相手の『とくぼう』ではなく、相手の『ぼうぎょ』の能力値でダメージ計算する。
サイコノイズ,エスパー,75,100,10,特殊,非接触,"100%の確率で、相手は2ターンの間『かいふくふうじ』状態となり、回復系の技『あさのひざし』
『いやしのねがい』『いやしのはどう』『ウッドホーン』『かいふくしれい』『ギガドレイン』『きゅうけつ』
『こうごうせい』『じこさいせい』『じょうか』『すいとる』『すなあつめ』『タマゴうみ』『ちからをすいとる』
『つきのひかり』『デスウイング』『ドレインキッス』『ドレインパンチ』『なまける』『ねがいごと』『ねむる』
『のみこむ』『はねやすめ』『パラボラチャージ』『フラワーヒール』『みかづきのまい』『ミルクのみ』
『メガドレイン』『ゆめくい』『いのちのしずく』『ジャングルヒール』『みかづきのいのり』『さいきのいのり』
『むねんのつるぎ』『シャカシャカほう』が使えなくなり、また特性や道具、場の状態などでHPが回復しなくなる。
音系の技。相手の『みがわり』状態を貫通する。"
じんつうりき,エスパー,80,100,20,特殊,非接触,10%の確率で相手をひるませる。
ねんりき,エスパー,50,100,25,特殊,非接触,10%の確率で相手を1～4ターンの間『こんらん』状態にする。
ミラーコート,エスパー,-,100,20,特殊,非接触,"相手の特殊攻撃のダメージの2倍をその相手に与える。『ダブルバトル』の時は最後に受けた技のみ有効になる。
必ず後攻になる(優先度:-5)。『あく』タイプには無効だが、それ以外のタイプ相性の影響を受けない。"
みらいよち,エスパー,120,100,10,特殊,非接触,2ターン後に攻撃する。交代した場合は同じ位置にいるポケモンに攻撃する。タイプ相性の影響を受ける。
ゆめくい,エスパー,100,100,15,特殊,非接触,相手に与えたダメージの半分だけ自分のHPが回復する。相手が『ねむり』状態の時だけ成功する。
オーロラベール,こおり,,,,変化,非接触,"天気が『ゆき』状態の時のみ使用でき、
5ターンの間、自分と味方が受ける相手の物理攻撃と特殊攻撃のダメージを半分にする。
急所に当たった場合は軽減されない。交代しても効果は続く。"
くろいきり,こおり,,,,変化,非接触,すべてのポケモンの能力ランクの変化を元に戻す。
さむいギャグ,こおり,,,,変化,非接触,"	手持ちのポケモンと入れ替わる。また、5ターンの間、天気を『ゆき』にする
(『こおり』タイプのポケモンは、『ぼうぎょ』が1.5倍になる)。"
しろいきり,こおり,,,,変化,非接触,5ターンの間、自分と味方のポケモンは能力ランクを下げられなくなる。交代しても効果は続く。
ゆきげしき,こおり,,,,変化,非接触,5ターンの間、天気を『ゆき』にする(『こおり』タイプのポケモンは、『ぼうぎょ』が1.5倍になる)。
アイススピナー,こおり,,,,物理,接触,"場の状態
『グラスフィールド』『ミストフィールド』『エレキフィールド』『サイコフィールド』を解除し、元に戻す。"
アイスハンマー,こおり,,,,物理,接触,攻撃後、自分の『すばやさ』ランクが1段階下がる。特性『てつのこぶし』の時、威力が1.2倍になる。
こおりのキバ,こおり,,,,物理,接触,10%の確率で相手を『こおり』状態にするか、ひるませる。
こおりのつぶて,こおり,,,,物理,接触,必ず先制できる(優先度:+1)。
つららおとし,こおり,,,,物理,非接触,30%の確率で相手をひるませる。
つららばり,こおり,,,,物理,非接触,1ターンに2～5回連続で攻撃する。
トリプルアクセル,こおり,,,,物理,接触,1ターンに外れるまで最大3回連続で攻撃する。攻撃が当たる度に威力が20ずつ増える。
ゆきなだれ,こおり,,,,物理,接触,そのターンに相手の技のダメージを受けると威力が2倍になる。必ず後攻になる(優先度:-4)。
れいとうパンチ,こおり,,,,物理,接触,10%の確率で相手を『こおり』状態にする。特性『てつのこぶし』の時、威力が1.2倍になる。
オーロラビーム,こおり,,,,特殊,非接触,10%の確率で相手の『こうげき』ランクを1段階下げる。
こおりのいぶき,こおり,,,,特殊,非接触,必ず急所に当たる。
こごえるかぜ,こおり,,,,特殊,非接触,100%の確率で相手の『すばやさ』ランクを1段階下げる。
こなゆき,こおり,,,,特殊,非接触,10%の確率で相手を『こおり』状態にする。
ぜったいれいど,こおり,,,,特殊,非接触,"相手を『ひんし』状態にする。相手のレベルが自分より高いと失敗する。
(30＋自分のレベル－相手のレベル)が命中率になる。
第7世代以降は『こおり』タイプ以外のポケモンが使うと命中率が下がり(20＋自分のレベル－相手のレベル？)、
また相手が『こおり』タイプの場合は効果がない。ダイマックスしている相手にも無効。"
ふぶき,こおり,,,,特殊,非接触,10%の確率で相手を『こおり』状態にする。天気が『ゆき』の時は必ず命中する。
フリーズドライ,こおり,,,,特殊,非接触,10%の確率で相手を『こおり』状態にする。この技は『みず』タイプにも効果抜群になる。
れいとうビーム,こおり,,,,特殊,非接触,10%の確率で相手を『こおり』状態にする。
りゅうのまい,ドラゴン,,,,変化,非接触,自分の『こうげき』『すばやさ』ランクを1段階ずつ上げる。
げきりん,ドラゴン,,,,物理,接触,2～3ターン連続で攻撃し、その後自分は1～4ターンの間『こんらん』状態になる。
スケイルショット,ドラゴン,,,,物理,非接触,"1ターンに2～5回連続で攻撃する。
その後、自分の『ぼうぎょ』ランクが1段階下がり、『すばやさ』ランクが1段階上がる。"
ドラゴンクロー,ドラゴン,,,,物理,接触,通常攻撃。
ドラゴンダイブ,ドラゴン,,,,物理,接触,20%の確率で相手をひるませる。相手が『ちいさくなる』を使用していると必ず命中し、威力が2倍になる。
ドラゴンテール,ドラゴン,,,,物理,接触,必ず後攻になる(優先度:-6)。攻撃後、相手のポケモンを強制的に交代させる。野生のポケモンの場合は戦闘を終了する。ダイマックスしている相手には追加効果は無効。
ワイドブレイカー,ドラゴン,,,,物理,接触,100%の確率で相手の『こうげき』ランクを1段階下げる。
たつまき,ドラゴン,,,,特殊,非接触,"20%の確率で相手をひるませる。
相手が技『そらをとぶ』『とびはねる』『フリーフォール』を使っている時でも命中し、ダメージが2倍になる。"
ときのほうこう,ドラゴン,,,,特殊,非接触,使用した次のターンは行動できない。
りゅうせいぐん,ドラゴン,,,,特殊,非接触,攻撃後、100%の確率で自分の『とくこう』ランクが2段階下がる。
りゅうのいぶき,ドラゴン,,,,特殊,非接触,30%の確率で相手を『まひ』状態にする。
りゅうのはどう,ドラゴン,,,,特殊,非接触,通常攻撃。
いちゃもん,あく,,,,変化,非接触,使用後、相手は同じ技を連続で出せなくなる。ダイマックスしている相手には無効。
うそなき,あく,,,,変化,非接触,相手の『とくぼう』ランクを2段階下げる。
おきみやげ,あく,,,,変化,非接触,自分が『ひんし』になる代わりに、相手の『こうげき』『とくこう』ランクを2段階ずつ下げる。
おだてる,あく,,,,変化,非接触,相手を1～4ターンの間『こんらん』状態にするが、相手の『とくこう』ランクを1段階上げてしまう。
すてゼリフ,あく,,,,変化,非接触,"相手の『こうげき』『とくこう』ランクを1段階下げたあと、手持ちのポケモンと入れ替わる。音系の技。
相手の『みがわり』状態を貫通する。"
すりかえ,あく,,,,変化,非接触,相手と自分が持っている道具を入れ替える。片方しか道具を持っていない場合も成功する。
ちょうはつ,あく,,,,変化,非接触,3ターンの間、相手は攻撃技しか出せなくなる。(変化技を使えなくする)
つめとぎ,あく,,,,変化,非接触,自分の『こうげき』『命中率』ランクが1段階ずつ上がる。
わるだくみ,あく,,,,変化,非接触,自分の『とくこう』ランクを2段階上げる。
イカサマ,あく,,,,物理,接触,自分の『こうげき』ではなく、相手の『こうげき』の能力値でダメージ計算する。
うっぷんばらし,あく,,,,物理,接触,"そのターンの間に自分の能力ランクを下げられていると、威力が2倍になる(通常は後攻で攻撃する必要があるが、
場に出た時に能力ランクを下げられた場合も対象となる)。"
かみくだく,あく,,,,物理,接触,20%の確率で相手の『ぼうぎょ』ランクを1段階下げる。
かみつく,あく,,,,物理,接触,30%の確率で相手をひるませる。
くらいつく,あく,,,,物理,接触,"自分と相手のどちらかが『ひんし』になるまで、どちらも逃げたり交代できなくなる。
自分か相手が『ゴースト』タイプの場合は追加効果はない。"
しっぺがえし,あく,,,,物理,接触,自分が後攻の時、威力が2倍になる。
じごくづき,あく,,,,物理,接触,"相手は2ターンの間、音系の技『いにしえのうた』『いびき』『いやしのすず』『いやなおと』『うたう』
『うたかたのアリア』『エコーボイス』『おしゃべり』『おたけび』『きんぞくおん』『くさぶえ』『さわぐ』
『スケイルノイズ』『すてゼリフ』『チャームボイス』『ちょうおんぱ』『とおぼえ』『ないしょばなし』『なきごえ』
『バークアウト』『ハイパーボイス』『ばくおんぱ』『ほえる』『ほろびのうた』『むしのさざめき』『りんしょう』
『ソウルビート』『オーバードライブ』『ぶきみなじゅもん』『フレアソング』『みわくのボイス』『サイコノイズ』
を使えなくなる。"
ダメおし,あく,,,,物理,接触,そのターン、相手が既にダメージを受けている時、威力が2倍になる。
つけあがる,あく,,,,物理,接触,自分のいずれかの能力ランクが1つ上がる度に威力が20上がる。
つじぎり,あく,,,,物理,接触,急所に当たりやすい(急所ランク:+1)。
どろぼう,あく,,,,物理,接触,"相手が持っている道具を自分の物にする。自分が既に道具を持っている場合は失敗するが、
技『はたきおとす』で自分の道具が無効化されている時は奪う事ができ、道具は上書きされる。
トレーナー戦の場合はバトル終了後になくなる。"
なげつける,あく,,,,物理,非接触,自分の持っている道具によって効果が変化する。投げつけた道具はなくなる。
はたきおとす,あく,,,,物理,接触,"相手が道具を持っている場合、ダメージが1.5倍になり、さらに道具を持っていない状態にする。
戦闘終了後、道具は元に戻る。"
ふいうち,あく,,,,物理,接触,"必ず先制できる(優先度:+1)。
そのターン相手が選んだ技が攻撃技ではない場合や、優先度などの関係ですでに攻撃を終えていた場合は失敗する。
相手が『ねむり』『こおり』状態でも攻撃技を選択していれば成功する。"
ふくろだたき,あく,,,,物理,非接触,自分を含む『ひんし』や状態異常でない『てもち』のポケモンの数だけ攻撃する。
ぶんまわす,あく,,,,物理,接触,通常攻撃。
あくのはどう,あく,,,,特殊,非接触,20%の確率で相手をひるませる。
カタストロフィ,あく,,,,特殊,非接触,相手のHPを残りHPの半分にする。タイプ相性の影響を受けない。
ナイトバースト,あく,,,,特殊,非接触,40%の確率で相手の命中率を1段階下げる。
バークアウト,あく,,,,特殊,非接触,100%の確率で相手の『とくこう』ランクを1段階下げる。音系の技。相手の『みがわり』状態を貫通する。
あまえる,フェアリー,,,,変化,非接触,相手の『こうげき』ランクを2段階下げる。
つきのひかり,フェアリー,,,,変化,非接触,HPが、天気が通常の時は最大HPの1/2、『にほんばれ』の時は最大HPの2/3、『あめ』『ゆき』『すなあらし』の時は最大HPの1/4回復する。
つぶらなひとみ,フェアリー,,,,変化,非接触,必ず先制できる(優先度:+1)。相手の『こうげき』ランクを1段階下げる。
てんしのキッス,フェアリー,,,,変化,非接触,相手を1～4ターンの間『こんらん』状態にする。
ミストフィールド,フェアリー,,,,変化,非接触,"5ターンの間、場の状態を『ミストフィールド』にする。
『ひこう』タイプや特性『ふゆう』などではない地面にいるすべてのポケモンは、状態異常にならず、
また『ドラゴン』タイプの技の受けるダメージが半減する。すでに状態異常の場合は回復しない。
道具『ミストシード』を持ったポケモンは『とくぼう』ランクが1段階上がる。"
じゃれつく,フェアリー,,,,物理,接触,10%の確率で相手の『こうげき』ランクを1段階下げる。
チャームボイス,フェアリー,,,,特殊,非接触,自分の命中率、相手の回避率に関係なく必ず命中する。音系の技。相手の『みがわり』状態を貫通する。
ドレインキッス,フェアリー,,,,特殊,非接触, 相手に与えたダメージの3/4だけ自分のHPが回復する。
マジカルシャイン,フェアリー,,,,特殊,非接触,通常攻撃。
ミストバースト,フェアリー,,,,特殊,非接触,"攻撃後、自分が『ひんし』状態になる。場の状態が『ミストフィールド』で、
自分が『ひこう』タイプや特性『ふゆう』などではなく地面にいる時、威力が1.5倍になる。"
みわくのボイス,フェアリー,,,,特殊,非接触,"100%の確率で、そのターンの間に能力ランクが上がった相手ポケモンを1～4ターンの間『こんらん』状態にする(
通常は後攻で攻撃する必要があるが、場に出た時に能力ランクが上がった場合も対象となる)。音系の技。
相手の『みがわり』状態を貫通する。"
ムーンフォース,フェアリー,,,,特殊,非接触,30%の確率で相手の『とくこう』ランクを1段階下げる。
ようせいのかぜ,フェアリー,,,,特殊,非接触,通常攻撃。